<?xml version="1.0" encoding="UTF-8"?>
<project xsi:schemaLocation="http://maven.apache.org/POM/4.0.0 http://maven.apache.org/maven-v4_0_0.xsd" xmlns:xsi="http://www.w3.org/2001/XMLSchema-instance">
	<modelVersion>4.0.0</modelVersion>
	<groupId>com.nextapp</groupId>
	<artifactId>echo3-app</artifactId>
	<packaging>jar</packaging>
	<name>Echo3</name>
	<version>3.0.0-SNAPSHOT</version>
	<description>Echo3 AJAX Framework</description>
	<issueManagement>
		<url>http://bugs.nextapp.com/mantis</url>
	</issueManagement>
	<scm>
		<connection>scm:svn:https://svn.nextapp.com/svn/echo3/trunk</connection>
		<developerConnection>scm:svn:https://svn.nextapp.com/svn/echo3/trunk</developerConnection>
		<url>https://svn.nextapp.com/svn/echo3/trunk</url>
	</scm>
</project>
